id,report_date,campaign_id,campaign_name,campaign_status,start_date,end_date,country,primary_region,secondary_region,dma_code,dma_name,imps_won,clicks,ctr,total_ecpm,total_ecpc,total_ecpa,ctc,vtc,total_conversions,click_cvr,view_cvr,total_cvrm,ctc_revenue,vtc_revenue,total_revenue,media_spend,data_spend,total_spend,audio_video_starts,complete_25,complete_50,complete_75,complete_100,completion_rate,ecpcv,companion_imps_won,companion_clicks,companion_ctc,companion_ctc_revenue,brand_id,brand_name,owner_key,updated_at
8,2025-12-31,3103471,Retargeting,Y,NULL,NULL,"United States",Alabama,Unknown,0,"Unknown DMA",10,0,0.0000,9.954525,0.000000,0.000000,0,0,0,0.0000,0.0000,0.0000,0.000000,0.000000,0.000000,0.095018,0.004528,0.099546,0,0,0,0,0,0.0000,0.000000,0,0,0,0.000000,139527,"Bluefield University",248,"2026-03-31 10:45:51"
18,2025-12-31,3103471,Retargeting,Y,NULL,NULL,"United States",Alabama,Unknown,522,"Columbus, GA",15,0,0.0000,11.367994,0.000000,0.000000,0,0,0,0.0000,0.0000,0.0000,0.000000,0.000000,0.000000,0.161372,0.009148,0.170520,0,0,0,0,0,0.0000,0.000000,0,0,0,0.000000,139527,"Bluefield University",248,"2026-03-31 10:45:51"
28,2025-12-31,3103471,Retargeting,Y,NULL,NULL,"United States",Alabama,Unknown,606,"Dothan, AL",3,0,0.0000,13.436458,0.000000,0.000000,0,0,0,0.0000,0.0000,0.0000,0.000000,0.000000,0.000000,0.037919,0.002390,0.040309,0,0,0,0,0,0.0000,0.000000,0,0,0,0.000000,139527,"Bluefield University",248,"2026-03-31 10:45:51"
38,2025-12-31,3103471,Retargeting,Y,NULL,NULL,"United States",Alabama,Unknown,630,"Birmingham, AL",57,0,0.0000,12.850621,0.000000,0.000000,0,0,0,0.0000,0.0000,0.0000,0.000000,0.000000,0.000000,0.687179,0.045307,0.732486,0,0,0,0,0,0.0000,0.000000,0,0,0,0.000000,139527,"Bluefield University",248,"2026-03-31 10:45:51"
48,2025-12-31,3103471,Retargeting,Y,NULL,NULL,"United States",Alabama,Unknown,691,"Huntsville/Decatur/Florence, AL",8,0,0.0000,6.802453,0.000000,0.000000,0,0,0,0.0000,0.0000,0.0000,0.000000,0.000000,0.000000,0.051653,0.002766,0.054419,0,0,0,0,0,0.0000,0.000000,0,0,0,0.000000,139527,"Bluefield University",248,"2026-03-31 10:45:51"
58,2025-12-31,3103471,Retargeting,Y,NULL,NULL,"United States",Alabama,Unknown,698,"Montgomery/Selma, AL",15,0,0.0000,10.606184,0.000000,0.000000,0,0,0,0.0000,0.0000,0.0000,0.000000,0.000000,0.000000,0.150762,0.008331,0.159093,0,0,0,0,0,0.0000,0.000000,0,0,0,0.000000,139527,"Bluefield University",248,"2026-03-31 10:45:51"
68,2025-12-31,3103471,Retargeting,Y,NULL,NULL,"United States",Alaska,Unknown,743,"Anchorage, AK",2,0,0.0000,8.183798,0.000000,0.000000,0,0,0,0.0000,0.0000,0.0000,0.000000,0.000000,0.000000,0.015287,0.001081,0.016367,0,0,0,0,0,0.0000,0.000000,0,0,0,0.000000,139527,"Bluefield University",248,"2026-03-31 10:45:51"
78,2025-12-31,3103471,Retargeting,Y,NULL,NULL,"United States",Arizona,Unknown,753,"Phoenix, AZ",17,0,0.0000,11.297789,0.000000,0.000000,0,0,0,0.0000,0.0000,0.0000,0.000000,0.000000,0.000000,0.180338,0.011724,0.192062,0,0,0,0,0,0.0000,0.000000,0,0,0,0.000000,139527,"Bluefield University",248,"2026-03-31 10:45:51"
88,2025-12-31,3103471,Retargeting,Y,NULL,NULL,"United States",Arizona,Unknown,789,"Tucson/Sierra Vista, AZ",5,0,0.0000,6.564877,0.000000,0.000000,0,0,0,0.0000,0.0000,0.0000,0.000000,0.000000,0.000000,0.031702,0.001123,0.032824,0,0,0,0,0,0.0000,0.000000,0,0,0,0.000000,139527,"Bluefield University",248,"2026-03-31 10:45:51"
98,2025-12-31,3103471,Retargeting,Y,NULL,NULL,"United States",Arkansas,Unknown,0,"Unknown DMA",3,0,0.0000,8.814684,0.000000,0.000000,0,0,0,0.0000,0.0000,0.0000,0.000000,0.000000,0.000000,0.025424,0.001021,0.026445,0,0,0,0,0,0.0000,0.000000,0,0,0,0.000000,139527,"Bluefield University",248,"2026-03-31 10:45:51"
108,2025-12-31,3103471,Retargeting,Y,NULL,NULL,"United States",California,Unknown,0,"Unknown DMA",22,0,0.0000,7.952599,0.000000,0.000000,0,0,0,0.0000,0.0000,0.0000,0.000000,0.000000,0.000000,0.165204,0.009752,0.174957,0,0,0,0,0,0.0000,0.000000,0,0,0,0.000000,139527,"Bluefield University",248,"2026-03-31 10:45:51"
118,2025-12-31,3103471,Retargeting,Y,NULL,NULL,"United States",California,Unknown,803,"Los Angeles, CA",48,0,0.0000,9.397968,0.000000,0.000000,0,0,0,0.0000,0.0000,0.0000,0.000000,0.000000,0.000000,0.424684,0.026418,0.451102,0,0,0,0,0,0.0000,0.000000,0,0,0,0.000000,139527,"Bluefield University",248,"2026-03-31 10:45:51"
128,2025-12-31,3103471,Retargeting,Y,NULL,NULL,"United States",California,Unknown,807,"San Francisco/Oakland/San Jose, CA",29,0,0.0000,7.230167,0.000000,0.000000,0,0,0,0.0000,0.0000,0.0000,0.000000,0.000000,0.000000,0.197516,0.012158,0.209675,0,0,0,0,0,0.0000,0.000000,0,0,0,0.000000,139527,"Bluefield University",248,"2026-03-31 10:45:51"
138,2025-12-31,3103471,Retargeting,Y,NULL,NULL,"United States",California,Unknown,825,"San Diego, CA",2,0,0.0000,10.778222,0.000000,0.000000,0,0,0,0.0000,0.0000,0.0000,0.000000,0.000000,0.000000,0.020488,0.001068,0.021556,0,0,0,0,0,0.0000,0.000000,0,0,0,0.000000,139527,"Bluefield University",248,"2026-03-31 10:45:51"
148,2025-12-31,3103471,Retargeting,Y,NULL,NULL,"United States",California,Unknown,855,"Santa Barbara/San Luis Obispo, CA",2,0,0.0000,8.337700,0.000000,0.000000,0,0,0,0.0000,0.0000,0.0000,0.000000,0.000000,0.000000,0.015590,0.001085,0.016675,0,0,0,0,0,0.0000,0.000000,0,0,0,0.000000,139527,"Bluefield University",248,"2026-03-31 10:45:51"
158,2025-12-31,3103471,Retargeting,Y,NULL,NULL,"United States",California,Unknown,862,"Sacramento/Stockton/Modesto, CA",16,0,0.0000,7.085644,0.000000,0.000000,0,0,0,0.0000,0.0000,0.0000,0.000000,0.000000,0.000000,0.106508,0.006863,0.113371,0,0,0,0,0,0.0000,0.000000,0,0,0,0.000000,139527,"Bluefield University",248,"2026-03-31 10:45:51"
168,2025-12-31,3103471,Retargeting,Y,NULL,NULL,"United States",California,Unknown,868,"Chico/Redding, CA",4,0,0.0000,7.545388,0.000000,0.000000,0,0,0,0.0000,0.0000,0.0000,0.000000,0.000000,0.000000,0.028301,0.001880,0.030181,0,0,0,0,0,0.0000,0.000000,0,0,0,0.000000,139527,"Bluefield University",248,"2026-03-31 10:45:51"
178,2025-12-31,3103471,Retargeting,Y,NULL,NULL,"United States",Colorado,Unknown,751,"Denver, CO",22,0,0.0000,11.189046,0.000000,0.000000,0,0,0,0.0000,0.0000,0.0000,0.000000,0.000000,0.000000,0.232729,0.013430,0.246159,0,0,0,0,0,0.0000,0.000000,0,0,0,0.000000,139527,"Bluefield University",248,"2026-03-31 10:45:51"
188,2025-12-31,3103471,Retargeting,Y,NULL,NULL,"United States",Colorado,Unknown,773,"Grand Junction/Montrose, CO",1,0,0.0000,8.190882,0.000000,0.000000,0,0,0,0.0000,0.0000,0.0000,0.000000,0.000000,0.000000,0.007913,0.000279,0.008191,0,0,0,0,0,0.0000,0.000000,0,0,0,0.000000,139527,"Bluefield University",248,"2026-03-31 10:45:51"
198,2025-12-31,3103471,Retargeting,Y,NULL,NULL,"United States",Delaware,Unknown,504,"Philadelphia, PA",7,0,0.0000,9.107342,0.000000,0.000000,0,0,0,0.0000,0.0000,0.0000,0.000000,0.000000,0.000000,0.060381,0.003371,0.063752,0,0,0,0,0,0.0000,0.000000,0,0,0,0.000000,139527,"Bluefield University",248,"2026-03-31 10:45:51"
208,2025-12-31,3103471,Retargeting,Y,NULL,NULL,"United States",Delaware,Unknown,576,"Salisbury, MD",3,0,0.0000,10.298568,0.000000,0.000000,0,0,0,0.0000,0.0000,0.0000,0.000000,0.000000,0.000000,0.029435,0.001460,0.030895,0,0,0,0,0,0.0000,0.000000,0,0,0,0.000000,139527,"Bluefield University",248,"2026-03-31 10:45:51"
218,2025-12-31,3103471,Retargeting,Y,NULL,NULL,"United States","District of Columbia",Unknown,0,"Unknown DMA",26,0,0.0000,11.136206,0.000000,0.000000,0,0,0,0.0000,0.0000,0.0000,0.000000,0.000000,0.000000,0.274728,0.014813,0.289541,0,0,0,0,0,0.0000,0.000000,0,0,0,0.000000,139527,"Bluefield University",248,"2026-03-31 10:45:51"
228,2025-12-31,3103471,Retargeting,Y,NULL,NULL,"United States","District of Columbia",Unknown,511,"Washington, DC",60,0,0.0000,11.533449,0.000000,0.000000,0,0,0,0.0000,0.0000,0.0000,0.000000,0.000000,0.000000,0.653923,0.038084,0.692007,0,0,0,0,0,0.0000,0.000000,0,0,0,0.000000,139527,"Bluefield University",248,"2026-03-31 10:45:51"
238,2025-12-31,3103471,Retargeting,Y,NULL,NULL,"United States",Florida,Unknown,0,"Unknown DMA",18,0,0.0000,10.751069,0.000000,0.000000,0,0,0,0.0000,0.0000,0.0000,0.000000,0.000000,0.000000,0.182122,0.011397,0.193519,0,0,0,0,0,0.0000,0.000000,0,0,0,0.000000,139527,"Bluefield University",248,"2026-03-31 10:45:51"
248,2025-12-31,3103471,Retargeting,Y,NULL,NULL,"United States",Florida,Unknown,528,"Miami/Fort Lauderdale, FL",38,0,0.0000,11.381769,0.000000,0.000000,0,0,0,0.0000,0.0000,0.0000,0.000000,0.000000,0.000000,0.406258,0.026250,0.432508,0,0,0,0,0,0.0000,0.000000,0,0,0,0.000000,139527,"Bluefield University",248,"2026-03-31 10:45:51"
258,2025-12-31,3103471,Retargeting,Y,NULL,NULL,"United States",Florida,Unknown,534,"Orlando/Daytona Beach/Melbourne, FL",27,0,0.0000,9.624280,0.000000,0.000000,0,0,0,0.0000,0.0000,0.0000,0.000000,0.000000,0.000000,0.246954,0.012901,0.259855,0,0,0,0,0,0.0000,0.000000,0,0,0,0.000000,139527,"Bluefield University",248,"2026-03-31 10:45:51"
268,2025-12-31,3103471,Retargeting,Y,NULL,NULL,"United States",Florida,Unknown,539,"Tampa/Saint Petersburg, FL",16,0,0.0000,8.529084,0.000000,0.000000,0,0,0,0.0000,0.0000,0.0000,0.000000,0.000000,0.000000,0.128849,0.007617,0.136465,0,0,0,0,0,0.0000,0.000000,0,0,0,0.000000,139527,"Bluefield University",248,"2026-03-31 10:45:51"
278,2025-12-31,3103471,Retargeting,Y,NULL,NULL,"United States",Florida,Unknown,548,"West Palm Beach/Fort Pierce, FL",5,0,0.0000,5.445681,0.000000,0.000000,0,0,0,0.0000,0.0000,0.0000,0.000000,0.000000,0.000000,0.025889,0.001340,0.027229,0,0,0,0,0,0.0000,0.000000,0,0,0,0.000000,139527,"Bluefield University",248,"2026-03-31 10:45:51"
288,2025-12-31,3103471,Retargeting,Y,NULL,NULL,"United States",Florida,Unknown,561,"Jacksonville, FL",13,0,0.0000,10.857833,0.000000,0.000000,0,0,0,0.0000,0.0000,0.0000,0.000000,0.000000,0.000000,0.133844,0.007308,0.141152,0,0,0,0,0,0.0000,0.000000,0,0,0,0.000000,139527,"Bluefield University",248,"2026-03-31 10:45:51"
298,2025-12-31,3103471,Retargeting,Y,NULL,NULL,"United States",Florida,Unknown,571,"Fort Myers/Naples, FL",11,0,0.0000,7.438773,0.000000,0.000000,0,0,0,0.0000,0.0000,0.0000,0.000000,0.000000,0.000000,0.077465,0.004362,0.081827,0,0,0,0,0,0.0000,0.000000,0,0,0,0.000000,139527,"Bluefield University",248,"2026-03-31 10:45:51"
308,2025-12-31,3103471,Retargeting,Y,NULL,NULL,"United States",Florida,Unknown,592,"Gainesville, FL",4,0,0.0000,11.547340,0.000000,0.000000,0,0,0,0.0000,0.0000,0.0000,0.000000,0.000000,0.000000,0.043749,0.002440,0.046189,0,0,0,0,0,0.0000,0.000000,0,0,0,0.000000,139527,"Bluefield University",248,"2026-03-31 10:45:51"
318,2025-12-31,3103471,Retargeting,Y,NULL,NULL,"United States",Florida,Unknown,656,"Panama City, FL",7,0,0.0000,9.136550,0.000000,0.000000,0,0,0,0.0000,0.0000,0.0000,0.000000,0.000000,0.000000,0.060701,0.003255,0.063956,0,0,0,0,0,0.0000,0.000000,0,0,0,0.000000,139527,"Bluefield University",248,"2026-03-31 10:45:51"
328,2025-12-31,3103471,Retargeting,Y,NULL,NULL,"United States",Florida,Unknown,686,"Mobile, AL & Pensacola, FL",10,0,0.0000,8.395208,0.000000,0.000000,0,0,0,0.0000,0.0000,0.0000,0.000000,0.000000,0.000000,0.078866,0.005086,0.083952,0,0,0,0,0,0.0000,0.000000,0,0,0,0.000000,139527,"Bluefield University",248,"2026-03-31 10:45:51"
338,2025-12-31,3103471,Retargeting,Y,NULL,NULL,"United States",Georgia,Unknown,0,"Unknown DMA",7,0,0.0000,8.672468,0.000000,0.000000,0,0,0,0.0000,0.0000,0.0000,0.000000,0.000000,0.000000,0.057375,0.003333,0.060707,0,0,0,0,0,0.0000,0.000000,0,0,0,0.000000,139527,"Bluefield University",248,"2026-03-31 10:45:51"
348,2025-12-31,3103471,Retargeting,Y,NULL,NULL,"United States",Georgia,Unknown,503,"Macon, GA",5,0,0.0000,8.538228,0.000000,0.000000,0,0,0,0.0000,0.0000,0.0000,0.000000,0.000000,0.000000,0.040865,0.001827,0.042692,0,0,0,0,0,0.0000,0.000000,0,0,0,0.000000,139527,"Bluefield University",248,"2026-03-31 10:45:51"
358,2025-12-31,3103471,Retargeting,Y,NULL,NULL,"United States",Georgia,Unknown,507,"Savannah, GA",4,0,0.0000,7.788253,0.000000,0.000000,0,0,0,0.0000,0.0000,0.0000,0.000000,0.000000,0.000000,0.029159,0.001994,0.031153,0,0,0,0,0,0.0000,0.000000,0,0,0,0.000000,139527,"Bluefield University",248,"2026-03-31 10:45:51"
368,2025-12-31,3103471,Retargeting,Y,NULL,NULL,"United States",Georgia,Unknown,522,"Columbus, GA",2,0,0.0000,10.274936,0.000000,0.000000,0,0,0,0.0000,0.0000,0.0000,0.000000,0.000000,0.000000,0.019580,0.000969,0.020549,0,0,0,0,0,0.0000,0.000000,0,0,0,0.000000,139527,"Bluefield University",248,"2026-03-31 10:45:51"
378,2025-12-31,3103471,Retargeting,Y,NULL,NULL,"United States",Georgia,Unknown,524,"Atlanta, GA",190,0,0.0000,11.216066,0.000000,0.000000,0,0,0,0.0000,0.0000,0.0000,0.000000,0.000000,0.000000,2.010418,0.120634,2.131052,0,0,0,0,0,0.0000,0.000000,0,0,0,0.000000,139527,"Bluefield University",248,"2026-03-31 10:45:51"
388,2025-12-31,3103471,Retargeting,Y,NULL,NULL,"United States",Georgia,Unknown,561,"Jacksonville, FL",2,0,0.0000,5.440512,0.000000,0.000000,0,0,0,0.0000,0.0000,0.0000,0.000000,0.000000,0.000000,0.010342,0.000539,0.010881,0,0,0,0,0,0.0000,0.000000,0,0,0,0.000000,139527,"Bluefield University",248,"2026-03-31 10:45:51"
398,2025-12-31,3103471,Retargeting,Y,NULL,NULL,"United States",Georgia,Unknown,575,"Chattanooga, TN",1,0,0.0000,10.827852,0.000000,0.000000,0,0,0,0.0000,0.0000,0.0000,0.000000,0.000000,0.000000,0.010289,0.000539,0.010828,0,0,0,0,0,0.0000,0.000000,0,0,0,0.000000,139527,"Bluefield University",248,"2026-03-31 10:45:51"
408,2025-12-31,3103471,Retargeting,Y,NULL,NULL,"United States",Georgia,Unknown,606,"Dothan, AL",2,0,0.0000,7.606074,0.000000,0.000000,0,0,0,0.0000,0.0000,0.0000,0.000000,0.000000,0.000000,0.014508,0.000704,0.015212,0,0,0,0,0,0.0000,0.000000,0,0,0,0.000000,139527,"Bluefield University",248,"2026-03-31 10:45:51"
418,2025-12-31,3103471,Retargeting,Y,NULL,NULL,"United States",Hawaii,Unknown,744,"Honolulu, HI",7,0,0.0000,6.629706,0.000000,0.000000,0,0,0,0.0000,0.0000,0.0000,0.000000,0.000000,0.000000,0.043672,0.002737,0.046409,0,0,0,0,0,0.0000,0.000000,0,0,0,0.000000,139527,"Bluefield University",248,"2026-03-31 10:45:51"
428,2025-12-31,3103471,Retargeting,Y,NULL,NULL,"United States",Idaho,Unknown,757,"Boise, ID",4,0,0.0000,10.604556,0.000000,0.000000,0,0,0,0.0000,0.0000,0.0000,0.000000,0.000000,0.000000,0.039826,0.002593,0.042419,0,0,0,0,0,0.0000,0.000000,0,0,0,0.000000,139527,"Bluefield University",248,"2026-03-31 10:45:51"
438,2025-12-31,3103471,Retargeting,Y,NULL,NULL,"United States",Idaho,Unknown,758,"Idaho Falls/Pocatello, ID",3,0,0.0000,8.656378,0.000000,0.000000,0,0,0,0.0000,0.0000,0.0000,0.000000,0.000000,0.000000,0.024207,0.001761,0.025969,0,0,0,0,0,0.0000,0.000000,0,0,0,0.000000,139527,"Bluefield University",248,"2026-03-31 10:45:51"
448,2025-12-31,3103471,Retargeting,Y,NULL,NULL,"United States",Idaho,Unknown,881,"Spokane, WA",1,0,0.0000,7.092148,0.000000,0.000000,0,0,0,0.0000,0.0000,0.0000,0.000000,0.000000,0.000000,0.006660,0.000433,0.007092,0,0,0,0,0,0.0000,0.000000,0,0,0,0.000000,139527,"Bluefield University",248,"2026-03-31 10:45:51"
458,2025-12-31,3103471,Retargeting,Y,NULL,NULL,"United States",Illinois,Unknown,0,"Unknown DMA",3,0,0.0000,13.932656,0.000000,0.000000,0,0,0,0.0000,0.0000,0.0000,0.000000,0.000000,0.000000,0.039262,0.002537,0.041798,0,0,0,0,0,0.0000,0.000000,0,0,0,0.000000,139527,"Bluefield University",248,"2026-03-31 10:45:51"
468,2025-12-31,3103471,Retargeting,Y,NULL,NULL,"United States",Illinois,Unknown,602,"Chicago, IL",61,0,0.0000,10.663383,0.000000,0.000000,0,0,0,0.0000,0.0000,0.0000,0.000000,0.000000,0.000000,0.613337,0.037129,0.650467,0,0,0,0,0,0.0000,0.000000,0,0,0,0.000000,139527,"Bluefield University",248,"2026-03-31 10:45:51"
478,2025-12-31,3103471,Retargeting,Y,NULL,NULL,"United States",Illinois,Unknown,609,"Saint Louis, MO",3,0,0.0000,6.546330,0.000000,0.000000,0,0,0,0.0000,0.0000,0.0000,0.000000,0.000000,0.000000,0.018766,0.000874,0.019639,0,0,0,0,0,0.0000,0.000000,0,0,0,0.000000,139527,"Bluefield University",248,"2026-03-31 10:45:51"
488,2025-12-31,3103471,Retargeting,Y,NULL,NULL,"United States",Illinois,Unknown,610,"Rockford, IL",4,0,0.0000,7.499748,0.000000,0.000000,0,0,0,0.0000,0.0000,0.0000,0.000000,0.000000,0.000000,0.028108,0.001891,0.029999,0,0,0,0,0,0.0000,0.000000,0,0,0,0.000000,139527,"Bluefield University",248,"2026-03-31 10:45:51"
498,2025-12-31,3103471,Retargeting,Y,NULL,NULL,"United States",Illinois,Unknown,648,"Champaign/Springfield/Decatur, IL",8,0,0.0000,11.290378,0.000000,0.000000,0,0,0,0.0000,0.0000,0.0000,0.000000,0.000000,0.000000,0.085120,0.005202,0.090322,0,0,0,0,0,0.0000,0.000000,0,0,0,0.000000,139527,"Bluefield University",248,"2026-03-31 10:45:51"
